Class,Images
Corn_(maize)___Cercospora_leaf_spot Gray_leaf_spot,513
Corn_(maize)___Common_rust_,1192
Corn_(maize)___Northern_Leaf_Blight,985
Corn_(maize)___healthy,1162
Grape___Black_rot,1180
Grape___Esca_(Black_Measles),1383
Grape___Leaf_blight_(Isariopsis_Leaf_Spot),1076
Grape___healthy,423
Potato___Early_blight,1000
Potato___Late_blight,1000
Potato___healthy,152
Tomato___Bacterial_spot,2127
Tomato___Early_blight,1000
Tomato___Late_blight,1909
Tomato___Leaf_Mold,952
Tomato___Septoria_leaf_spot,1771
Tomato___Spider_mites Two-spotted_spider_mite,1676
Tomato___Target_Spot,1404
Tomato___Tomato_Yellow_Leaf_Curl_Virus,5357
Tomato___Tomato_mosaic_virus,373
Tomato___healthy,1590
